{
  "config": {
    "model_id": "Qwen/Qwen2.5-1.5B-Instruct",
    "device": "cuda",
    "dtype": "bfloat16",
    "prompt_lens": [
      128
    ],
    "gen_lens": [
      32
    ],
    "batch_size": 1,
    "warmup_prefill": 0,
    "warmup_decode": 1,
    "iters_prefill": 1,
    "iters_decode": 300,
    "abft": {
      "enable": true,
      "check_enable": true,
      "record_enable": false,
      "checker_backend": "triton",
      "enable_linear": true,
      "enable_matmul": true,
      "enable_bmm": true,
      "phase": "all",
      "sample_rate": 1.0,
      "tol_abs": 0.01,
      "tol_rel": 0.01,
      "seed": 2026,
      "force_fp32_check": true,
      "detect_only": true,
      "inject_fault": false,
      "inject_phase": "all",
      "inject_probability": 0.0,
      "inject_magnitude": 1.0,
      "dump_shape_key": "",
      "dump_phase": "all",
      "dump_file": ""
    }
  },
  "global_latency": {
    "prefill": {
      "count": 1,
      "mean_ms": 62.79679870605469,
      "p50_ms": 62.79679870605469,
      "p90_ms": 62.79679870605469,
      "p99_ms": 62.79679870605469
    },
    "decode_step": {
      "count": 1,
      "mean_ms": 51.474300384521484,
      "p50_ms": 51.474300384521484,
      "p90_ms": 51.474300384521484,
      "p99_ms": 51.474300384521484
    },
    "e2e_request": {
      "count": 1,
      "mean_ms": 1709.9744110107422,
      "p50_ms": 1709.9744110107422,
      "p90_ms": 1709.9744110107422,
      "p99_ms": 1709.9744110107422
    }
  },
  "global_throughput_tps": {
    "prefill_mean_tps_by_prompt_len": {
      "128": 2038.3204659708013
    },
    "decode_mean_tps": 19.427170306926673
  },
  "by_prompt_and_gen": {
    "prompt_128": {
      "gen_32": {
        "prefill": {
          "count": 1,
          "mean_ms": 62.79679870605469,
          "p50_ms": 62.79679870605469,
          "p90_ms": 62.79679870605469,
          "p99_ms": 62.79679870605469
        },
        "decode_step": {
          "count": 1,
          "mean_ms": 51.474300384521484,
          "p50_ms": 51.474300384521484,
          "p90_ms": 51.474300384521484,
          "p99_ms": 51.474300384521484
        },
        "e2e_request": {
          "count": 1,
          "mean_ms": 1709.9744110107422,
          "p50_ms": 1709.9744110107422,
          "p90_ms": 1709.9744110107422,
          "p99_ms": 1709.9744110107422
        },
        "throughput_tps": {
          "prefill_mean_tps": 2038.3204659708013,
          "decode_mean_tps": 19.427170306926673
        }
      }
    }
  },
  "stats": {
    "latency": {
      "prefill": {
        "count": 2,
        "mean_ms": 202.22721099853516,
        "p50_ms": 202.22721099853516,
        "p90_ms": 313.7715408325196,
        "p99_ms": 338.869015045166
      },
      "decode_step": {
        "count": 2,
        "mean_ms": 50.630910873413086,
        "p50_ms": 50.630910873413086,
        "p90_ms": 51.3056224822998,
        "p99_ms": 51.45743259429932
      },
      "e2e_request": {
        "count": 1,
        "mean_ms": 1709.9744110107422,
        "p50_ms": 1709.9744110107422,
        "p90_ms": 1709.9744110107422,
        "p99_ms": 1709.9744110107422
      },
      "by_prompt_len": {
        "128": {
          "prefill": {
            "count": 2,
            "mean_ms": 202.22721099853516,
            "p50_ms": 202.22721099853516,
            "p90_ms": 313.7715408325196,
            "p99_ms": 338.869015045166
          },
          "decode_step": {
            "count": 2,
            "mean_ms": 50.630910873413086,
            "p50_ms": 50.630910873413086,
            "p90_ms": 51.3056224822998,
            "p99_ms": 51.45743259429932
          },
          "e2e_request": {
            "count": 1,
            "mean_ms": 1709.9744110107422,
            "p50_ms": 1709.9744110107422,
            "p90_ms": 1709.9744110107422,
            "p99_ms": 1709.9744110107422
          }
        }
      }
    },
    "abft": {
      "checks_total": 0,
      "fail_total": 0,
      "max_abs_err": 0.0,
      "max_rel_err": 0.0,
      "max_abs_err_meta": {},
      "max_rel_err_meta": {},
      "top_abs_errs": [],
      "top_abs_errs_by_shape": [],
      "checks_by_phase": {},
      "fails_by_phase": {},
      "checks_by_op": {},
      "fails_by_op": {},
      "top_shapes_by_checks": [],
      "top_shapes_by_fails": []
    },
    "fault_injection": {
      "injections_total": 0,
      "detected_injections_total": 0,
      "injections_by_phase": {},
      "detected_injections_by_phase": {},
      "detection_rate": 0.0
    }
  },
  "run_seconds": 11.776021957397461
}