{
  "config": {
    "model_id": "Qwen/Qwen2.5-1.5B-Instruct",
    "device": "cuda",
    "dtype": "bfloat16",
    "prompt_lens": [
      128
    ],
    "gen_lens": [
      32
    ],
    "batch_size": 1,
    "warmup_prefill": 0,
    "warmup_decode": 1,
    "iters_prefill": 1,
    "iters_decode": 300,
    "abft": {
      "enable": true,
      "check_enable": true,
      "record_enable": false,
      "enable_linear": true,
      "enable_matmul": true,
      "enable_bmm": true,
      "phase": "all",
      "sample_rate": 1.0,
      "tol_abs": 0.01,
      "tol_rel": 0.01,
      "seed": 2026,
      "force_fp32_check": true,
      "detect_only": true,
      "inject_fault": false,
      "inject_phase": "all",
      "inject_probability": 0.0,
      "inject_magnitude": 1.0,
      "dump_shape_key": "",
      "dump_phase": "all",
      "dump_file": ""
    }
  },
  "global_latency": {
    "prefill": {
      "count": 1,
      "mean_ms": 47.50028610229492,
      "p50_ms": 47.50028610229492,
      "p90_ms": 47.50028610229492,
      "p99_ms": 47.50028610229492
    },
    "decode_step": {
      "count": 1,
      "mean_ms": 45.067012786865234,
      "p50_ms": 45.067012786865234,
      "p90_ms": 45.067012786865234,
      "p99_ms": 45.067012786865234
    },
    "e2e_request": {
      "count": 1,
      "mean_ms": 1489.6446952819824,
      "p50_ms": 1489.6446952819824,
      "p90_ms": 1489.6446952819824,
      "p99_ms": 1489.6446952819824
    }
  },
  "global_throughput_tps": {
    "prefill_mean_tps_by_prompt_len": {
      "128": 2694.7206112473464
    },
    "decode_mean_tps": 22.189178695496977
  },
  "by_prompt_and_gen": {
    "prompt_128": {
      "gen_32": {
        "prefill": {
          "count": 1,
          "mean_ms": 47.50028610229492,
          "p50_ms": 47.50028610229492,
          "p90_ms": 47.50028610229492,
          "p99_ms": 47.50028610229492
        },
        "decode_step": {
          "count": 1,
          "mean_ms": 45.067012786865234,
          "p50_ms": 45.067012786865234,
          "p90_ms": 45.067012786865234,
          "p99_ms": 45.067012786865234
        },
        "e2e_request": {
          "count": 1,
          "mean_ms": 1489.6446952819824,
          "p50_ms": 1489.6446952819824,
          "p90_ms": 1489.6446952819824,
          "p99_ms": 1489.6446952819824
        },
        "throughput_tps": {
          "prefill_mean_tps": 2694.7206112473464,
          "decode_mean_tps": 22.189178695496977
        }
      }
    }
  },
  "stats": {
    "latency": {
      "prefill": {
        "count": 2,
        "mean_ms": 194.9076442718506,
        "p50_ms": 194.9076442718506,
        "p90_ms": 312.83353080749515,
        "p99_ms": 339.3668552780151
      },
      "decode_step": {
        "count": 2,
        "mean_ms": 45.26406669616699,
        "p50_ms": 45.26406669616699,
        "p90_ms": 45.421709823608396,
        "p99_ms": 45.45717952728271
      },
      "e2e_request": {
        "count": 1,
        "mean_ms": 1489.6446952819824,
        "p50_ms": 1489.6446952819824,
        "p90_ms": 1489.6446952819824,
        "p99_ms": 1489.6446952819824
      },
      "by_prompt_len": {
        "128": {
          "prefill": {
            "count": 2,
            "mean_ms": 194.9076442718506,
            "p50_ms": 194.9076442718506,
            "p90_ms": 312.83353080749515,
            "p99_ms": 339.3668552780151
          },
          "decode_step": {
            "count": 2,
            "mean_ms": 45.26406669616699,
            "p50_ms": 45.26406669616699,
            "p90_ms": 45.421709823608396,
            "p99_ms": 45.45717952728271
          },
          "e2e_request": {
            "count": 1,
            "mean_ms": 1489.6446952819824,
            "p50_ms": 1489.6446952819824,
            "p90_ms": 1489.6446952819824,
            "p99_ms": 1489.6446952819824
          }
        }
      }
    },
    "abft": {
      "checks_total": 0,
      "fail_total": 0,
      "max_abs_err": 0.0,
      "max_rel_err": 0.0,
      "max_abs_err_meta": {},
      "max_rel_err_meta": {},
      "top_abs_errs": [],
      "top_abs_errs_by_shape": [],
      "checks_by_phase": {},
      "fails_by_phase": {},
      "checks_by_op": {},
      "fails_by_op": {},
      "top_shapes_by_checks": [],
      "top_shapes_by_fails": []
    },
    "fault_injection": {
      "injections_total": 0,
      "detected_injections_total": 0,
      "injections_by_phase": {},
      "detected_injections_by_phase": {},
      "detection_rate": 0.0
    }
  },
  "run_seconds": 11.860600709915161
}