{
  "config": {
    "model_id": "Qwen/Qwen2.5-1.5B-Instruct",
    "device": "cuda",
    "dtype": "bfloat16",
    "prompt_lens": [
      128
    ],
    "gen_lens": [
      32
    ],
    "batch_size": 1,
    "warmup_prefill": 0,
    "warmup_decode": 1,
    "iters_prefill": 1,
    "iters_decode": 300,
    "abft": {
      "enable": true,
      "enable_linear": true,
      "enable_matmul": true,
      "enable_bmm": true,
      "phase": "all",
      "sample_rate": 1.0,
      "tol_abs": 0.01,
      "tol_rel": 0.01,
      "seed": 2026,
      "force_fp32_check": true,
      "detect_only": true,
      "inject_fault": false,
      "inject_phase": "all",
      "inject_probability": 0.0,
      "inject_magnitude": 1.0,
      "dump_shape_key": "",
      "dump_phase": "all",
      "dump_file": ""
    }
  },
  "global_latency": {
    "prefill": {
      "count": 1,
      "mean_ms": 158.81961059570312,
      "p50_ms": 158.81961059570312,
      "p90_ms": 158.81961059570312,
      "p99_ms": 158.81961059570312
    },
    "decode_step": {
      "count": 1,
      "mean_ms": 160.74453735351562,
      "p50_ms": 160.74453735351562,
      "p90_ms": 160.74453735351562,
      "p99_ms": 160.74453735351562
    },
    "e2e_request": {
      "count": 1,
      "mean_ms": 5302.644805908203,
      "p50_ms": 5302.644805908203,
      "p90_ms": 5302.644805908203,
      "p99_ms": 5302.644805908203
    }
  },
  "global_throughput_tps": {
    "prefill_mean_tps_by_prompt_len": {
      "128": 805.945811854692
    },
    "decode_mean_tps": 6.221051218684721
  },
  "by_prompt_and_gen": {
    "prompt_128": {
      "gen_32": {
        "prefill": {
          "count": 1,
          "mean_ms": 158.81961059570312,
          "p50_ms": 158.81961059570312,
          "p90_ms": 158.81961059570312,
          "p99_ms": 158.81961059570312
        },
        "decode_step": {
          "count": 1,
          "mean_ms": 160.74453735351562,
          "p50_ms": 160.74453735351562,
          "p90_ms": 160.74453735351562,
          "p99_ms": 160.74453735351562
        },
        "e2e_request": {
          "count": 1,
          "mean_ms": 5302.644805908203,
          "p50_ms": 5302.644805908203,
          "p90_ms": 5302.644805908203,
          "p99_ms": 5302.644805908203
        },
        "throughput_tps": {
          "prefill_mean_tps": 805.945811854692,
          "decode_mean_tps": 6.221051218684721
        }
      }
    }
  },
  "stats": {
    "latency": {
      "prefill": {
        "count": 2,
        "mean_ms": 361.8616485595703,
        "p50_ms": 361.8616485595703,
        "p90_ms": 524.2952789306642,
        "p99_ms": 560.8428457641601
      },
      "decode_step": {
        "count": 2,
        "mean_ms": 164.4703826904297,
        "p50_ms": 164.4703826904297,
        "p90_ms": 167.45105895996093,
        "p99_ms": 168.12171112060548
      },
      "e2e_request": {
        "count": 1,
        "mean_ms": 5302.644805908203,
        "p50_ms": 5302.644805908203,
        "p90_ms": 5302.644805908203,
        "p99_ms": 5302.644805908203
      },
      "by_prompt_len": {
        "128": {
          "prefill": {
            "count": 2,
            "mean_ms": 361.8616485595703,
            "p50_ms": 361.8616485595703,
            "p90_ms": 524.2952789306642,
            "p99_ms": 560.8428457641601
          },
          "decode_step": {
            "count": 2,
            "mean_ms": 164.4703826904297,
            "p50_ms": 164.4703826904297,
            "p90_ms": 167.45105895996093,
            "p99_ms": 168.12171112060548
          },
          "e2e_request": {
            "count": 1,
            "mean_ms": 5302.644805908203,
            "p50_ms": 5302.644805908203,
            "p90_ms": 5302.644805908203,
            "p99_ms": 5302.644805908203
          }
        }
      }
    },
    "abft": {
      "checks_total": 13002,
      "fail_total": 858,
      "max_abs_err": 124.0,
      "max_rel_err": 0.6847457885742188,
      "max_abs_err_meta": {
        "phase": "prefill",
        "op_name": "linear",
        "shape_key": "A(128, 1536)_B(1536, 151936)_C(128, 151936)",
        "abs_err": 124.0,
        "rel_err": 3.0464880182989873e-06,
        "abft_corner": -40702728.0,
        "sum_c": -40702604.0
      },
      "max_rel_err_meta": {
        "phase": "decode",
        "op_name": "linear",
        "shape_key": "A(1, 1536)_B(1536, 8960)_C(1, 8960)",
        "abs_err": 0.6847457885742188,
        "rel_err": 0.6847457885742188,
        "abft_corner": 1.328094482421875,
        "sum_c": 0.6433486938476562
      },
      "top_abs_errs": [
        {
          "phase": "prefill",
          "op_name": "linear",
          "shape_key": "A(128, 1536)_B(1536, 151936)_C(128, 151936)",
          "abs_err": 124.0,
          "rel_err": 3.0464880182989873e-06,
          "abft_corner": -40702728.0,
          "sum_c": -40702604.0
        },
        {
          "phase": "prefill",
          "op_name": "linear",
          "shape_key": "A(128, 1536)_B(1536, 151936)_C(128, 151936)",
          "abs_err": 124.0,
          "rel_err": 3.0464880182989873e-06,
          "abft_corner": -40702728.0,
          "sum_c": -40702604.0
        },
        {
          "phase": "prefill",
          "op_name": "linear",
          "shape_key": "A(128, 1536)_B(1536, 256)_C(128, 256)",
          "abs_err": 49.1875,
          "rel_err": 0.0002973795053549111,
          "abft_corner": 165452.3125,
          "sum_c": 165403.125
        },
        {
          "phase": "prefill",
          "op_name": "linear",
          "shape_key": "A(128, 1536)_B(1536, 256)_C(128, 256)",
          "abs_err": 49.1875,
          "rel_err": 0.0002973795053549111,
          "abft_corner": 165452.3125,
          "sum_c": 165403.125
        },
        {
          "phase": "prefill",
          "op_name": "linear",
          "shape_key": "A(128, 1536)_B(1536, 8960)_C(128, 8960)",
          "abs_err": 40.0,
          "rel_err": 6.4411865423608106e-06,
          "abft_corner": -6210076.0,
          "sum_c": -6210036.0
        },
        {
          "phase": "prefill",
          "op_name": "linear",
          "shape_key": "A(128, 1536)_B(1536, 8960)_C(128, 8960)",
          "abs_err": 40.0,
          "rel_err": 6.4411865423608106e-06,
          "abft_corner": -6210076.0,
          "sum_c": -6210036.0
        },
        {
          "phase": "decode",
          "op_name": "linear",
          "shape_key": "A(1, 1536)_B(1536, 151936)_C(1, 151936)",
          "abs_err": 32.78125,
          "rel_err": 7.996207568794489e-05,
          "abft_corner": -409927.1875,
          "sum_c": -409959.96875
        },
        {
          "phase": "decode",
          "op_name": "linear",
          "shape_key": "A(1, 1536)_B(1536, 151936)_C(1, 151936)",
          "abs_err": 32.78125,
          "rel_err": 7.996207568794489e-05,
          "abft_corner": -409927.1875,
          "sum_c": -409959.96875
        },
        {
          "phase": "decode",
          "op_name": "linear",
          "shape_key": "A(1, 1536)_B(1536, 151936)_C(1, 151936)",
          "abs_err": 30.875,
          "rel_err": 6.330326141323894e-05,
          "abft_corner": -487762.46875,
          "sum_c": -487731.59375
        },
        {
          "phase": "decode",
          "op_name": "linear",
          "shape_key": "A(1, 1536)_B(1536, 151936)_C(1, 151936)",
          "abs_err": 30.875,
          "rel_err": 6.330326141323894e-05,
          "abft_corner": -487762.46875,
          "sum_c": -487731.59375
        }
      ],
      "top_abs_errs_by_shape": [
        {
          "phase": "prefill",
          "op_name": "linear",
          "shape_key": "A(128, 1536)_B(1536, 151936)_C(128, 151936)",
          "abs_err": 124.0,
          "rel_err": 3.0464880182989873e-06,
          "abft_corner": -40702728.0,
          "sum_c": -40702604.0
        },
        {
          "phase": "prefill",
          "op_name": "linear",
          "shape_key": "A(128, 1536)_B(1536, 256)_C(128, 256)",
          "abs_err": 49.1875,