{
  "config": {
    "model_id": "Qwen/Qwen2.5-1.5B-Instruct",
    "device": "cuda",
    "dtype": "bfloat16",
    "prompt_lens": [
      128
    ],
    "gen_lens": [
      32
    ],
    "batch_size": 1,
    "warmup_prefill": 5,
    "warmup_decode": 5,
    "iters_prefill": 10,
    "iters_decode": 300,
    "abft": {
      "enable": true,
      "enable_linear": true,
      "enable_matmul": true,
      "enable_bmm": true,
      "phase": "all",
      "sample_rate": 1.0,
      "tol_abs": 0.01,
      "tol_rel": 0.01,
      "seed": 2026,
      "force_fp32_check": true,
      "detect_only": true,
      "inject_fault": false,
      "inject_phase": "all",
      "inject_probability": 0.0,
      "inject_magnitude": 1.0
    }
  },
  "global_latency": {
    "prefill": {
      "count": 10,
      "mean_ms": 120.75173416137696,
      "p50_ms": 108.81401443481445,
      "p90_ms": 150.08901824951172,
      "p99_ms": 150.43470443725585
    },
    "decode_step": {
      "count": 10,
      "mean_ms": 108.24432260990143,
      "p50_ms": 108.49754357337952,
      "p90_ms": 109.76284625530243,
      "p99_ms": 111.71140799760819
    },
    "e2e_request": {
      "count": 10,
      "mean_ms": 3584.570057678223,
      "p50_ms": 3585.6541862487793,
      "p90_ms": 3649.088332366943,
      "p99_ms": 3687.858473892212
    }
  },
  "global_throughput_tps": {
    "prefill_mean_tps_by_prompt_len": {
      "128": 1060.0261842114517
    },
    "decode_mean_tps": 9.238359813141155
  },
  "by_prompt_and_gen": {
    "prompt_128": {
      "gen_32": {
        "prefill": {
          "count": 10,
          "mean_ms": 120.75173416137696,
          "p50_ms": 108.81401443481445,
          "p90_ms": 150.08901824951172,
          "p99_ms": 150.43470443725585
        },
        "decode_step": {
          "count": 10,
          "mean_ms": 108.24432260990143,
          "p50_ms": 108.49754357337952,
          "p90_ms": 109.76284625530243,
          "p99_ms": 111.71140799760819
        },
        "e2e_request": {
          "count": 10,
          "mean_ms": 3584.570057678223,
          "p50_ms": 3585.6541862487793,
          "p90_ms": 3649.088332366943,
          "p99_ms": 3687.858473892212
        },
        "throughput_tps": {
          "prefill_mean_tps": 1060.0261842114517,
          "decode_mean_tps": 9.238359813141155
        }
      }
    }
  },
  "stats": {
    "latency": {
      "prefill": {
        "count": 20,
        "mean_ms": 127.36999855041503,
        "p50_ms": 108.81401443481445,
        "p90_ms": 150.08901824951172,
        "p99_ms": 326.7040536499021
      },
      "decode_step": {
        "count": 480,
        "mean_ms": 107.58380943934122,
        "p50_ms": 101.37583923339844,
        "p90_ms": 131.105078125,
        "p99_ms": 162.03816574096672
      },
      "e2e_request": {
        "count": 10,
        "mean_ms": 3584.570057678223,
        "p50_ms": 3585.6541862487793,
        "p90_ms": 3649.088332366943,
        "p99_ms": 3687.858473892212
      },
      "by_prompt_len": {
        "128": {
          "prefill": {
            "count": 20,
            "mean_ms": 127.36999855041503,
            "p50_ms": 108.81401443481445,
            "p90_ms": 150.08901824951172,
            "p99_ms": 326.7040536499021
          },
          "decode_step": {
            "count": 480,
            "mean_ms": 107.58380943934122,
            "p50_ms": 101.37583923339844,
            "p90_ms": 131.105078125,
            "p99_ms": 162.03816574096672
          },
          "e2e_request": {
            "count": 10,
            "mean_ms": 3584.570057678223,
            "p50_ms": 3585.6541862487793,
            "p90_ms": 3649.088332366943,
            "p99_ms": 3687.858473892212
          }
        }
      }
    },
    "abft": {
      "checks_total": 98500,
      "fail_total": 6460,
      "max_abs_err": 124.0,
      "max_rel_err": 0.6847457885742188,
      "max_abs_err_meta": {
        "phase": "prefill",
        "op_name": "linear",
        "shape_key": "A(128, 1536)_B(1536, 151936)_C(128, 151936)",
        "abs_err": 124.0,
        "rel_err": 3.0464880182989873e-06,
        "abft_corner": -40702728.0,
        "sum_c": -40702604.0
      },
      "max_rel_err_meta": {
        "phase": "decode",
        "op_name": "linear",
        "shape_key": "A(1, 1536)_B(1536, 8960)_C(1, 8960)",
        "abs_err": 0.6847457885742188,
        "rel_err": 0.6847457885742188,
        "abft_corner": 1.328094482421875,
        "sum_c": 0.6433486938476562
      },
      "top_abs_errs": [
        {
          "phase": "prefill",
          "op_name": "linear",
          "shape_key": "A(128, 1536)_B(1536, 151936)_C(128, 151936)",
          "abs_err": 124.0,
          "rel_err": 3.0464880182989873e-06,
          "abft_corner": -40702728.0,
          "sum_c": -40702604.0
        },
        {
          "phase": "prefill",
          "op_name": "linear",
          "shape_key": "A(128, 1536)_B(1536, 151936)_C(128, 151936)",
          "abs_err": 124.0,
          "rel_err": 3.0464880182989873e-06,
          "abft_corner": -40702728.0,
          "sum_c": -40702604.0
        },
        {
          "phase": "prefill",
          "op_name": "linear",
          "shape_key": "A(128, 1536)_B(1536, 151936)_C(128, 151936)",
          "abs_err": 124.0,
          "rel_err": 3.0464880182989873e-06,
          "abft_corner": -40702728.0,
          "sum_c": -40702604.0
        },
        {
          "phase": "prefill",
          "op_name": "linear",
          "shape_key": "A(128, 1536)_B(1536, 151936)_C(128, 151936)",
          "abs_err": 124.0,
          "rel_err": 3.0464880182989873e-06,
          "abft_corner": -40702728.0,
          "sum_c": -40702604.0
        },
        {
          "phase": "prefill",
          "op_name": "linear",
          "shape_key": "A(128, 1536)_B(1536, 151936)_C(128, 151936)",
          "abs_err": 124.0,
          "rel_err": 3.0464880182989873e-06,
          "abft_corner": -40702728.0,
          "sum_c": -40702604.0
        },
        {
          "phase": "prefill",
          "op_name": "linear",
          "shape_key": "A(128, 1536)_B(1536, 151936)_C(128, 151936)",
          "abs_err": 124.0,
          "rel_err": 3.0464880182989873e-06,
          "abft_corner": -40702728.0,
          "sum_c": -40702604.0
        },
        {
          "phase": "prefill",
          "op_name": "linear",
          "shape_key": "A(128, 1536)_B(1536, 151936)_C(128, 151936)",
          "abs_err": 124.0,
          "rel_err": 3.0464880182989873e-06,
          "abft_corner": -40702728.0,
          "sum_c": -40702604.0
        },
        {
          "phase": "prefill",
          "op_name": "linear",
          "shape_key": "A(128, 1536)_B(1536, 151936)_C(128, 151936)",
          "abs_err": 124.0,
          "rel_err": 3.0464880182989873e-06,
          "abft_corner": -40702728.0,
          "sum_c": -40702604.0
        },
        {
          "phase": "prefill",
          "op_name": "linear",
          "shape_key": "A(128, 1536)_B(1536, 151936)_C(128, 151936)",
          "abs_err": 124.0,
          "rel_err": 3.0464880182989873e-06,
          "abft_corner": -40702728.0,
          "sum_c": -40702604.0
        },
        {
          "phase": "prefill",
          "op_name": "linear",
          "shape_key": "A(128, 1536)_B(1536, 151936)_C(128, 151936)",
          "abs_err": 124.0,
          "rel_err": 3.0464880182989873e-06,
          "abft_corner": -40702728.0,
          "sum_c": -40702604.0
        }
      ],
      "top_abs_errs_by_shape": [
        {
          "phase": "prefill",
          "op_name": "linear",
          "shape_key": "A(128, 1536)_B(1536, 151936)_C(128, 151936)",
          "abs_err": 124.0,
          "rel_err": 3.0464880182989873e-06,
          "abft_corner": -40702728.0,
          "sum_c": -40702604.0
        },
        {
          "phase": "prefill",
          "op_name": "linear",
          "shape_key": "A(128, 1536)_B(1536, 256)_C(128, 256)",
          "abs_err": 49.1875,
          "rel_err": 0.0002973795053549111,