{
  "config": {
    "model_id": "Qwen/Qwen2.5-7B-Instruct",
    "device": "cuda",
    "dtype": "bfloat16",
    "prompt_lens": [
      512
    ],
    "gen_lens": [
      32
    ],
    "batch_size": 1,
    "warmup_prefill": 1,
    "warmup_decode": 1,
    "iters_prefill": 1,
    "iters_decode": 300,
    "abft": {
      "enable": true,
      "check_enable": true,
      "record_enable": false,
      "checker_backend": "python",
      "enable_linear": true,
      "enable_matmul": true,
      "enable_bmm": true,
      "phase": "all",
      "sample_rate": 1.0,
      "tol_abs": 0.01,
      "tol_rel": 0.01,
      "seed": 2026,
      "force_fp32_check": true,
      "detect_only": true,
      "inject_fault": false,
      "inject_phase": "all",
      "inject_probability": 0.0,
      "inject_magnitude": 1.0,
      "dump_shape_key": "",
      "dump_phase": "all",
      "dump_file": ""
    }
  },
  "global_latency": {
    "prefill": {
      "count": 1,
      "mean_ms": 86.65187072753906,
      "p50_ms": 86.65187072753906,
      "p90_ms": 86.65187072753906,
      "p99_ms": 86.65187072753906
    },
    "decode_step": {
      "count": 1,
      "mean_ms": 73.96514129638672,
      "p50_ms": 73.96514129638672,
      "p90_ms": 73.96514129638672,
      "p99_ms": 73.96514129638672
    },
    "e2e_request": {
      "count": 1,
      "mean_ms": 2453.536392211914,
      "p50_ms": 2453.536392211914,
      "p90_ms": 2453.536392211914,
      "p99_ms": 2453.536392211914
    }
  },
  "global_throughput_tps": {
    "prefill_mean_tps_by_prompt_len": {
      "512": 5908.701055166947
    },
    "decode_mean_tps": 13.519882237402705
  },
  "by_prompt_and_gen": {
    "prompt_512": {
      "gen_32": {
        "prefill": {
          "count": 1,
          "mean_ms": 86.65187072753906,
          "p50_ms": 86.65187072753906,
          "p90_ms": 86.65187072753906,
          "p99_ms": 86.65187072753906
        },
        "decode_step": {
          "count": 1,
          "mean_ms": 73.96514129638672,
          "p50_ms": 73.96514129638672,
          "p90_ms": 73.96514129638672,
          "p99_ms": 73.96514129638672
        },
        "e2e_request": {
          "count": 1,
          "mean_ms": 2453.536392211914,
          "p50_ms": 2453.536392211914,
          "p90_ms": 2453.536392211914,
          "p99_ms": 2453.536392211914
        },
        "throughput_tps": {
          "prefill_mean_tps": 5908.701055166947,
          "decode_mean_tps": 13.519882237402705
        }
      }
    }
  },
  "stats": {
    "latency": {
      "prefill": {
        "count": 3,
        "mean_ms": 204.79745737711588,
        "p50_ms": 86.65187072753906,
        "p90_ms": 370.43039855957034,
        "p99_ms": 434.2805673217773
      },
      "decode_step": {
        "count": 2,
        "mean_ms": 74.21945190429688,
        "p50_ms": 74.21945190429688,
        "p90_ms": 74.422900390625,
        "p99_ms": 74.46867630004883
      },
      "e2e_request": {
        "count": 1,
        "mean_ms": 2453.536392211914,
        "p50_ms": 2453.536392211914,
        "p90_ms": 2453.536392211914,
        "p99_ms": 2453.536392211914
      },
      "by_prompt_len": {
        "512": {
          "prefill": {
            "count": 3,
            "mean_ms": 204.79745737711588,
            "p50_ms": 86.65187072753906,
            "p90_ms": 370.43039855957034,
            "p99_ms": 434.2805673217773
          },
          "decode_step": {
            "count": 2,
            "mean_ms": 74.21945190429688,
            "p50_ms": 74.21945190429688,
            "p90_ms": 74.422900390625,
            "p99_ms": 74.46867630004883
          },
          "e2e_request": {
            "count": 1,
            "mean_ms": 2453.536392211914,
            "p50_ms": 2453.536392211914,
            "p90_ms": 2453.536392211914,
            "p99_ms": 2453.536392211914
          }
        }
      }
    },
    "abft": {
      "checks_total": 0,
      "fail_total": 0,
      "max_abs_err": 0.0,
      "max_rel_err": 0.0,
      "max_abs_err_meta": {},
      "max_rel_err_meta": {},
      "top_abs_errs": [],
      "top_abs_errs_by_shape": [],
      "checks_by_phase": {},
      "fails_by_phase": {},
      "checks_by_op": {},
      "fails_by_op": {},
      "top_shapes_by_checks": [],
      "top_shapes_by_fails": []
    },
    "fault_injection": {
      "injections_total": 0,
      "detected_injections_total": 0,
      "injections_by_phase": {},
      "detected_injections_by_phase": {},
      "detection_rate": 0.0
    }
  },
  "run_seconds": 20.302083253860474
}