{
  "config": {
    "model_id": "Qwen/Qwen2.5-1.5B-Instruct",
    "device": "cuda",
    "dtype": "bfloat16",
    "prompt_lens": [
      128
    ],
    "gen_lens": [
      32
    ],
    "batch_size": 1,
    "warmup_prefill": 0,
    "warmup_decode": 1,
    "iters_prefill": 1,
    "iters_decode": 300,
    "abft": {
      "enable": true,
      "check_enable": true,
      "record_enable": false,
      "checker_backend": "fused",
      "enable_linear": true,
      "enable_matmul": true,
      "enable_bmm": true,
      "phase": "all",
      "sample_rate": 1.0,
      "tol_abs": 0.01,
      "tol_rel": 0.01,
      "seed": 2026,
      "force_fp32_check": true,
      "detect_only": true,
      "inject_fault": false,
      "inject_phase": "all",
      "inject_probability": 0.0,
      "inject_magnitude": 1.0,
      "dump_shape_key": "",
      "dump_phase": "all",
      "dump_file": ""
    }
  },
  "global_latency": {
    "prefill": {
      "count": 1,
      "mean_ms": 43.85481643676758,
      "p50_ms": 43.85481643676758,
      "p90_ms": 43.85481643676758,
      "p99_ms": 43.85481643676758
    },
    "decode_step": {
      "count": 1,
      "mean_ms": 41.059303283691406,
      "p50_ms": 41.059303283691406,
      "p90_ms": 41.059303283691406,
      "p99_ms": 41.059303283691406
    },
    "e2e_request": {
      "count": 1,
      "mean_ms": 1357.7525215148926,
      "p50_ms": 1357.7525215148926,
      "p90_ms": 1357.7525215148926,
      "p99_ms": 1357.7525215148926
    }
  },
  "global_throughput_tps": {
    "prefill_mean_tps_by_prompt_len": {
      "128": 2918.721600044954
    },
    "decode_mean_tps": 24.355016281954207
  },
  "by_prompt_and_gen": {
    "prompt_128": {
      "gen_32": {
        "prefill": {
          "count": 1,
          "mean_ms": 43.85481643676758,
          "p50_ms": 43.85481643676758,
          "p90_ms": 43.85481643676758,
          "p99_ms": 43.85481643676758
        },
        "decode_step": {
          "count": 1,
          "mean_ms": 41.059303283691406,
          "p50_ms": 41.059303283691406,
          "p90_ms": 41.059303283691406,
          "p99_ms": 41.059303283691406
        },
        "e2e_request": {
          "count": 1,
          "mean_ms": 1357.7525215148926,
          "p50_ms": 1357.7525215148926,
          "p90_ms": 1357.7525215148926,
          "p99_ms": 1357.7525215148926
        },
        "throughput_tps": {
          "prefill_mean_tps": 2918.721600044954,
          "decode_mean_tps": 24.355016281954207
        }
      }
    }
  },
  "stats": {
    "latency": {
      "prefill": {
        "count": 2,
        "mean_ms": 26270.198892593384,
        "p50_ms": 26270.198892593384,
        "p90_ms": 47251.27415351868,
        "p99_ms": 51972.01608722687
      },
      "decode_step": {
        "count": 2,
        "mean_ms": 38.43312454223633,
        "p50_ms": 38.43312454223633,
        "p90_ms": 40.53406753540039,
        "p99_ms": 41.006779708862304
      },
      "e2e_request": {
        "count": 1,
        "mean_ms": 1357.7525215148926,
        "p50_ms": 1357.7525215148926,
        "p90_ms": 1357.7525215148926,
        "p99_ms": 1357.7525215148926
      },
      "by_prompt_len": {
        "128": {
          "prefill": {
            "count": 2,
            "mean_ms": 26270.198892593384,
            "p50_ms": 26270.198892593384,
            "p90_ms": 47251.27415351868,
            "p99_ms": 51972.01608722687
          },
          "decode_step": {
            "count": 2,
            "mean_ms": 38.43312454223633,
            "p50_ms": 38.43312454223633,
            "p90_ms": 40.53406753540039,
            "p99_ms": 41.006779708862304
          },
          "e2e_request": {
            "count": 1,
            "mean_ms": 1357.7525215148926,
            "p50_ms": 1357.7525215148926,
            "p90_ms": 1357.7525215148926,
            "p99_ms": 1357.7525215148926
          }
        }
      }
    },
    "abft": {
      "checks_total": 0,
      "fail_total": 0,
      "max_abs_err": 0.0,
      "max_rel_err": 0.0,
      "max_abs_err_meta": {},
      "max_rel_err_meta": {},
      "top_abs_errs": [],
      "top_abs_errs_by_shape": [],
      "checks_by_phase": {},
      "fails_by_phase": {},
      "checks_by_op": {},
      "fails_by_op": {},
      "top_shapes_by_checks": [],
      "top_shapes_by_fails": []
    },
    "fault_injection": {
      "injections_total": 0,
      "detected_injections_total": 0,
      "injections_by_phase": {},
      "detected_injections_by_phase": {},
      "detection_rate": 0.0
    }
  },
  "run_seconds": 72.86853671073914
}