{
  "config": {
    "model_id": "Qwen/Qwen2.5-7B-Instruct",
    "device": "cuda",
    "dtype": "bfloat16",
    "prompt_lens": [
      512
    ],
    "gen_lens": [
      32
    ],
    "batch_size": 1,
    "warmup_prefill": 1,
    "warmup_decode": 1,
    "iters_prefill": 1,
    "iters_decode": 300,
    "abft": {
      "enable": false,
      "check_enable": true,
      "record_enable": true,
      "checker_backend": "python",
      "enable_linear": true,
      "enable_matmul": true,
      "enable_bmm": true,
      "phase": "all",
      "sample_rate": 1.0,
      "tol_abs": 0.01,
      "tol_rel": 0.01,
      "seed": 2026,
      "force_fp32_check": true,
      "detect_only": true,
      "inject_fault": false,
      "inject_phase": "all",
      "inject_probability": 0.0,
      "inject_magnitude": 1.0,
      "dump_shape_key": "",
      "dump_phase": "all",
      "dump_file": ""
    }
  },
  "global_latency": {
    "prefill": {
      "count": 1,
      "mean_ms": 70.94374084472656,
      "p50_ms": 70.94374084472656,
      "p90_ms": 70.94374084472656,
      "p99_ms": 70.94374084472656
    },
    "decode_step": {
      "count": 1,
      "mean_ms": 29.89662742614746,
      "p50_ms": 29.89662742614746,
      "p90_ms": 29.89662742614746,
      "p99_ms": 29.89662742614746
    },
    "e2e_request": {
      "count": 1,
      "mean_ms": 1027.6358184814453,
      "p50_ms": 1027.6358184814453,
      "p90_ms": 1027.6358184814453,
      "p99_ms": 1027.6358184814453
    }
  },
  "global_throughput_tps": {
    "prefill_mean_tps_by_prompt_len": {
      "512": 7216.986218990147
    },
    "decode_mean_tps": 33.448588890846075
  },
  "by_prompt_and_gen": {
    "prompt_512": {
      "gen_32": {
        "prefill": {
          "count": 1,
          "mean_ms": 70.94374084472656,
          "p50_ms": 70.94374084472656,
          "p90_ms": 70.94374084472656,
          "p99_ms": 70.94374084472656
        },
        "decode_step": {
          "count": 1,
          "mean_ms": 29.89662742614746,
          "p50_ms": 29.89662742614746,
          "p90_ms": 29.89662742614746,
          "p99_ms": 29.89662742614746
        },
        "e2e_request": {
          "count": 1,
          "mean_ms": 1027.6358184814453,
          "p50_ms": 1027.6358184814453,
          "p90_ms": 1027.6358184814453,
          "p99_ms": 1027.6358184814453
        },
        "throughput_tps": {
          "prefill_mean_tps": 7216.986218990147,
          "decode_mean_tps": 33.448588890846075
        }
      }
    }
  },
  "stats": {
    "latency": {
      "prefill": {
        "count": 3,
        "mean_ms": 153.23749923706055,
        "p50_ms": 70.94374084472656,
        "p90_ms": 276.96679992675786,
        "p99_ms": 323.32198822021485
      },
      "decode_step": {
        "count": 2,
        "mean_ms": 29.17764186859131,
        "p50_ms": 29.17764186859131,
        "p90_ms": 29.75283031463623,
        "p99_ms": 29.88224771499634
      },
      "e2e_request": {
        "count": 1,
        "mean_ms": 1027.6358184814453,
        "p50_ms": 1027.6358184814453,
        "p90_ms": 1027.6358184814453,
        "p99_ms": 1027.6358184814453
      },
      "by_prompt_len": {
        "512": {
          "prefill": {
            "count": 3,
            "mean_ms": 153.23749923706055,
            "p50_ms": 70.94374084472656,
            "p90_ms": 276.96679992675786,
            "p99_ms": 323.32198822021485
          },
          "decode_step": {
            "count": 2,
            "mean_ms": 29.17764186859131,
            "p50_ms": 29.17764186859131,
            "p90_ms": 29.75283031463623,
            "p99_ms": 29.88224771499634
          },
          "e2e_request": {
            "count": 1,
            "mean_ms": 1027.6358184814453,
            "p50_ms": 1027.6358184814453,
            "p90_ms": 1027.6358184814453,
            "p99_ms": 1027.6358184814453
          }
        }
      }
    },
    "abft": {
      "checks_total": 0,
      "fail_total": 0,
      "max_abs_err": 0.0,
      "max_rel_err": 0.0,
      "max_abs_err_meta": {},
      "max_rel_err_meta": {},
      "top_abs_errs": [],
      "top_abs_errs_by_shape": [],
      "checks_by_phase": {},
      "fails_by_phase": {},
      "checks_by_op": {},
      "fails_by_op": {},
      "top_shapes_by_checks": [],
      "top_shapes_by_fails": []
    },
    "fault_injection": {
      "injections_total": 0,
      "detected_injections_total": 0,
      "injections_by_phase": {},
      "detected_injections_by_phase": {},
      "detection_rate": 0.0
    }
  },
  "run_seconds": 14.790683031082153
}