{
  "config": {
    "model_id": "Qwen/Qwen2.5-1.5B-Instruct",
    "device": "cuda",
    "dtype": "bfloat16",
    "prompt_lens": [
      128
    ],
    "gen_lens": [
      32
    ],
    "batch_size": 1,
    "warmup_prefill": 0,
    "warmup_decode": 1,
    "iters_prefill": 1,
    "iters_decode": 300,
    "abft": {
      "enable": false,
      "enable_linear": true,
      "enable_matmul": true,
      "enable_bmm": true,
      "phase": "all",
      "sample_rate": 1.0,
      "tol_abs": 0.01,
      "tol_rel": 0.01,
      "seed": 2026,
      "force_fp32_check": true,
      "detect_only": true,
      "inject_fault": false,
      "inject_phase": "all",
      "inject_probability": 0.0,
      "inject_magnitude": 1.0,
      "dump_shape_key": "",
      "dump_phase": "all",
      "dump_file": ""
    }
  },
  "global_latency": {
    "prefill": {
      "count": 1,
      "mean_ms": 27.204608917236328,
      "p50_ms": 27.204608917236328,
      "p90_ms": 27.204608917236328,
      "p99_ms": 27.204608917236328
    },
    "decode_step": {
      "count": 1,
      "mean_ms": 25.30168914794922,
      "p50_ms": 25.30168914794922,
      "p90_ms": 25.30168914794922,
      "p99_ms": 25.30168914794922
    },
    "e2e_request": {
      "count": 1,
      "mean_ms": 836.8586616516113,
      "p50_ms": 836.8586616516113,
      "p90_ms": 836.8586616516113,
      "p99_ms": 836.8586616516113
    }
  },
  "global_throughput_tps": {
    "prefill_mean_tps_by_prompt_len": {
      "128": 4705.085097507195
    },
    "decode_mean_tps": 39.523052953207795
  },
  "by_prompt_and_gen": {
    "prompt_128": {
      "gen_32": {
        "prefill": {
          "count": 1,
          "mean_ms": 27.204608917236328,
          "p50_ms": 27.204608917236328,
          "p90_ms": 27.204608917236328,
          "p99_ms": 27.204608917236328
        },
        "decode_step": {
          "count": 1,
          "mean_ms": 25.30168914794922,
          "p50_ms": 25.30168914794922,
          "p90_ms": 25.30168914794922,
          "p99_ms": 25.30168914794922
        },
        "e2e_request": {
          "count": 1,
          "mean_ms": 836.8586616516113,
          "p50_ms": 836.8586616516113,
          "p90_ms": 836.8586616516113,
          "p99_ms": 836.8586616516113
        },
        "throughput_tps": {
          "prefill_mean_tps": 4705.085097507195,
          "decode_mean_tps": 39.523052953207795
        }
      }
    }
  },
  "stats": {
    "latency": {
      "prefill": {
        "count": 2,
        "mean_ms": 168.1658878326416,
        "p50_ms": 168.1658878326416,
        "p90_ms": 280.93491096496587,
        "p99_ms": 306.30794116973874
      },
      "decode_step": {
        "count": 2,
        "mean_ms": 25.616092681884766,
        "p50_ms": 25.616092681884766,
        "p90_ms": 25.867615509033204,
        "p99_ms": 25.924208145141602
      },
      "e2e_request": {
        "count": 1,
        "mean_ms": 836.8586616516113,
        "p50_ms": 836.8586616516113,
        "p90_ms": 836.8586616516113,
        "p99_ms": 836.8586616516113
      },
      "by_prompt_len": {
        "128": {
          "prefill": {
            "count": 2,
            "mean_ms": 168.1658878326416,
            "p50_ms": 168.1658878326416,
            "p90_ms": 280.93491096496587,
            "p99_ms": 306.30794116973874
          },
          "decode_step": {
            "count": 2,
            "mean_ms": 25.616092681884766,
            "p50_ms": 25.616092681884766,
            "p90_ms": 25.867615509033204,
            "p99_ms": 25.924208145141602
          },
          "e2e_request": {
            "count": 1,
            "mean_ms": 836.8586616516113,
            "p50_ms": 836.8586616516113,
            "p90_ms": 836.8586616516113,
            "p99_ms": 836.8586616516113
          }
        }
      }
    },
    "abft": {
      "checks_total": 0,
      "fail_total": 0,
      "max_abs_err": 0.0,
      "max_rel_err": 0.0,
      "max_abs_err_meta": {},
      "max_rel_err_meta": {},
      "top_abs_errs": [],
      "top_abs_errs_by_shape": [],
      "checks_by_phase": {},
      "fails_by_phase": {},
      "checks_by_op": {},
      "fails_by_op": {},
      "top_shapes_by_checks": [],
      "top_shapes_by_fails": []
    },
    "fault_injection": {
      "injections_total": 0,
      "detected_injections_total": 0,
      "injections_by_phase": {},
      "detected_injections_by_phase": {},
      "detection_rate": 0.0
    }
  },
  "run_seconds": 26.495332956314087
}