{
  "config": {
    "model_id": "Qwen/Qwen2.5-1.5B-Instruct",
    "device": "cuda",
    "dtype": "bfloat16",
    "prompt_lens": [
      128
    ],
    "gen_lens": [
      32
    ],
    "batch_size": 1,
    "warmup_prefill": 0,
    "warmup_decode": 1,
    "iters_prefill": 1,
    "iters_decode": 300,
    "abft": {
      "enable": false,
      "enable_linear": true,
      "enable_matmul": true,
      "enable_bmm": true,
      "phase": "all",
      "sample_rate": 1.0,
      "tol_abs": 0.01,
      "tol_rel": 0.01,
      "seed": 2026,
      "force_fp32_check": true,
      "detect_only": true,
      "inject_fault": false,
      "inject_phase": "all",
      "inject_probability": 0.0,
      "inject_magnitude": 1.0,
      "dump_shape_key": "",
      "dump_phase": "all",
      "dump_file": ""
    }
  },
  "global_latency": {
    "prefill": {
      "count": 1,
      "mean_ms": 42.30886459350586,
      "p50_ms": 42.30886459350586,
      "p90_ms": 42.30886459350586,
      "p99_ms": 42.30886459350586
    },
    "decode_step": {
      "count": 1,
      "mean_ms": 42.27225875854492,
      "p50_ms": 42.27225875854492,
      "p90_ms": 42.27225875854492,
      "p99_ms": 42.27225875854492
    },
    "e2e_request": {
      "count": 1,
      "mean_ms": 1395.0211448669434,
      "p50_ms": 1395.0211448669434,
      "p90_ms": 1395.0211448669434,
      "p99_ms": 1395.0211448669434
    }
  },
  "global_throughput_tps": {
    "prefill_mean_tps_by_prompt_len": {
      "128": 3025.370716746844
    },
    "decode_mean_tps": 23.65617616299862
  },
  "by_prompt_and_gen": {
    "prompt_128": {
      "gen_32": {
        "prefill": {
          "count": 1,
          "mean_ms": 42.30886459350586,
          "p50_ms": 42.30886459350586,
          "p90_ms": 42.30886459350586,
          "p99_ms": 42.30886459350586
        },
        "decode_step": {
          "count": 1,
          "mean_ms": 42.27225875854492,
          "p50_ms": 42.27225875854492,
          "p90_ms": 42.27225875854492,
          "p99_ms": 42.27225875854492
        },
        "e2e_request": {
          "count": 1,
          "mean_ms": 1395.0211448669434,
          "p50_ms": 1395.0211448669434,
          "p90_ms": 1395.0211448669434,
          "p99_ms": 1395.0211448669434
        },
        "throughput_tps": {
          "prefill_mean_tps": 3025.370716746844,
          "decode_mean_tps": 23.65617616299862
        }
      }
    }
  },
  "stats": {
    "latency": {
      "prefill": {
        "count": 2,
        "mean_ms": 218.27621269226074,
        "p50_ms": 218.27621269226074,
        "p90_ms": 359.0500911712647,
        "p99_ms": 390.72421382904054
      },
      "decode_step": {
        "count": 2,
        "mean_ms": 42.4483699798584,
        "p50_ms": 42.4483699798584,
        "p90_ms": 42.58925895690918,
        "p99_ms": 42.620958976745605
      },
      "e2e_request": {
        "count": 1,
        "mean_ms": 1395.0211448669434,
        "p50_ms": 1395.0211448669434,
        "p90_ms": 1395.0211448669434,
        "p99_ms": 1395.0211448669434
      },
      "by_prompt_len": {
        "128": {
          "prefill": {
            "count": 2,
            "mean_ms": 218.27621269226074,
            "p50_ms": 218.27621269226074,
            "p90_ms": 359.0500911712647,
            "p99_ms": 390.72421382904054
          },
          "decode_step": {
            "count": 2,
            "mean_ms": 42.4483699798584,
            "p50_ms": 42.4483699798584,
            "p90_ms": 42.58925895690918,
            "p99_ms": 42.620958976745605
          },
          "e2e_request": {
            "count": 1,
            "mean_ms": 1395.0211448669434,
            "p50_ms": 1395.0211448669434,
            "p90_ms": 1395.0211448669434,
            "p99_ms": 1395.0211448669434
          }
        }
      }
    },
    "abft": {
      "checks_total": 0,
      "fail_total": 0,
      "max_abs_err": 0.0,
      "max_rel_err": 0.0,
      "max_abs_err_meta": {},
      "max_rel_err_meta": {},
      "top_abs_errs": [],
      "top_abs_errs_by_shape": [],
      "checks_by_phase": {},
      "fails_by_phase": {},
      "checks_by_op": {},
      "fails_by_op": {},
      "top_shapes_by_checks": [],
      "top_shapes_by_fails": []
    },
    "fault_injection": {
      "injections_total": 0,
      "detected_injections_total": 0,
      "injections_by_phase": {},
      "detected_injections_by_phase": {},
      "detection_rate": 0.0
    }
  },
  "run_seconds": 30.043391942977905
}