{
  "config": {
    "model_id": "Qwen/Qwen2.5-7B-Instruct",
    "device": "cuda",
    "dtype": "bfloat16",
    "prompt_lens": [
      512
    ],
    "gen_lens": [
      32
    ],
    "batch_size": 1,
    "warmup_prefill": 1,
    "warmup_decode": 1,
    "iters_prefill": 1,
    "iters_decode": 300,
    "abft": {
      "enable": false,
      "check_enable": true,
      "record_enable": true,
      "checker_backend": "python",
      "enable_linear": true,
      "enable_matmul": true,
      "enable_bmm": true,
      "phase": "all",
      "sample_rate": 1.0,
      "tol_abs": 0.01,
      "tol_rel": 0.01,
      "seed": 2026,
      "force_fp32_check": true,
      "detect_only": true,
      "inject_fault": false,
      "inject_phase": "all",
      "inject_probability": 0.0,
      "inject_magnitude": 1.0,
      "dump_shape_key": "",
      "dump_phase": "all",
      "dump_file": ""
    }
  },
  "global_latency": {
    "prefill": {
      "count": 1,
      "mean_ms": 59.831329345703125,
      "p50_ms": 59.831329345703125,
      "p90_ms": 59.831329345703125,
      "p99_ms": 59.831329345703125
    },
    "decode_step": {
      "count": 1,
      "mean_ms": 42.0667839050293,
      "p50_ms": 42.0667839050293,
      "p90_ms": 42.0667839050293,
      "p99_ms": 42.0667839050293
    },
    "e2e_request": {
      "count": 1,
      "mean_ms": 1405.9684143066406,
      "p50_ms": 1405.9684143066406,
      "p90_ms": 1405.9684143066406,
      "p99_ms": 1405.9684143066406
    }
  },
  "global_throughput_tps": {
    "prefill_mean_tps_by_prompt_len": {
      "512": 8557.38967525999
    },
    "decode_mean_tps": 23.7717245572568
  },
  "by_prompt_and_gen": {
    "prompt_512": {
      "gen_32": {
        "prefill": {
          "count": 1,
          "mean_ms": 59.831329345703125,
          "p50_ms": 59.831329345703125,
          "p90_ms": 59.831329345703125,
          "p99_ms": 59.831329345703125
        },
        "decode_step": {
          "count": 1,
          "mean_ms": 42.0667839050293,
          "p50_ms": 42.0667839050293,
          "p90_ms": 42.0667839050293,
          "p99_ms": 42.0667839050293
        },
        "e2e_request": {
          "count": 1,
          "mean_ms": 1405.9684143066406,
          "p50_ms": 1405.9684143066406,
          "p90_ms": 1405.9684143066406,
          "p99_ms": 1405.9684143066406
        },
        "throughput_tps": {
          "prefill_mean_tps": 8557.38967525999,
          "decode_mean_tps": 23.7717245572568
        }
      }
    }
  },
  "stats": {
    "latency": {
      "prefill": {
        "count": 3,
        "mean_ms": 185.13628896077475,
        "p50_ms": 79.1046371459961,
        "p90_ms": 348.9992477416992,
        "p99_ms": 409.7255351257324
      },
      "decode_step": {
        "count": 2,
        "mean_ms": 41.590023040771484,
        "p50_ms": 41.590023040771484,
        "p90_ms": 41.971431732177734,
        "p99_ms": 42.05724868774414
      },
      "e2e_request": {
        "count": 1,
        "mean_ms": 1405.9684143066406,
        "p50_ms": 1405.9684143066406,
        "p90_ms": 1405.9684143066406,
        "p99_ms": 1405.9684143066406
      },
      "by_prompt_len": {
        "512": {
          "prefill": {
            "count": 3,
            "mean_ms": 185.13628896077475,
            "p50_ms": 79.1046371459961,
            "p90_ms": 348.9992477416992,
            "p99_ms": 409.7255351257324
          },
          "decode_step": {
            "count": 2,
            "mean_ms": 41.590023040771484,
            "p50_ms": 41.590023040771484,
            "p90_ms": 41.971431732177734,
            "p99_ms": 42.05724868774414
          },
          "e2e_request": {
            "count": 1,
            "mean_ms": 1405.9684143066406,
            "p50_ms": 1405.9684143066406,
            "p90_ms": 1405.9684143066406,
            "p99_ms": 1405.9684143066406
          }
        }
      }
    },
    "abft": {
      "checks_total": 0,
      "fail_total": 0,
      "max_abs_err": 0.0,
      "max_rel_err": 0.0,
      "max_abs_err_meta": {},
      "max_rel_err_meta": {},
      "top_abs_errs": [],
      "top_abs_errs_by_shape": [],
      "checks_by_phase": {},
      "fails_by_phase": {},
      "checks_by_op": {},
      "fails_by_op": {},
      "top_shapes_by_checks": [],
      "top_shapes_by_fails": []
    },
    "fault_injection": {
      "injections_total": 0,
      "detected_injections_total": 0,
      "injections_by_phase": {},
      "detected_injections_by_phase": {},
      "detection_rate": 0.0
    }
  },
  "run_seconds": 16.71811819076538
}